<?xml version="1.0" encoding="UTF-8"?>
<project-private xmlns="http://www.netbeans.org/ns/project-private/1">
    <editor-bookmarks xmlns="http://www.netbeans.org/ns/editor-bookmarks/2" lastBookmarkId="0"/>
    <open-files xmlns="http://www.netbeans.org/ns/projectui-open-files/2">
        <group>
            <file>file:/C:/Users/ADMIN/Desktop/PiDEV/GestCovoiturage/GestCovoiturage/src/Test/AfficherListeCovoiturage.java</file>
            <file>file:/C:/Users/ADMIN/Desktop/PiDEV/GestCovoiturage/GestCovoiturage/src/Test/SupprimerCovoiturage.java</file>
            <file>file:/C:/Users/ADMIN/Desktop/PiDEV/GestCovoiturage/GestCovoiturage/src/Services/ServiceCovoiturage.java</file>
            <file>file:/C:/Users/ADMIN/Desktop/PiDEV/GestCovoiturage/GestCovoiturage/src/Utils/Main.java</file>
            <file>file:/C:/Users/ADMIN/Desktop/PiDEV/GestCovoiturage/GestCovoiturage/src/Services/IService.java</file>
            <file>file:/C:/Users/ADMIN/Desktop/PiDEV/GestCovoiturage/GestCovoiturage/src/view/ListcovController.java</file>
            <file>file:/C:/Users/ADMIN/Desktop/PiDEV/GestCovoiturage/GestCovoiturage/src/Entite/Covoiturage.java</file>
            <file>file:/C:/Users/ADMIN/Desktop/PiDEV/GestCovoiturage/GestCovoiturage/src/view/FXMLController.java</file>
            <file>file:/C:/Users/ADMIN/Desktop/PiDEV/GestCovoiturage/GestCovoiturage/src/Test/Main.java</file>
            <file>file:/C:/Users/ADMIN/Desktop/PiDEV/GestCovoiturage/GestCovoiturage/src/view/UpdatecovController.java</file>
            <file>file:/C:/Users/ADMIN/Desktop/PiDEV/GestCovoiturage/GestCovoiturage/src/Test/AjouterCovoiturage.java</file>
            <file>file:/C:/Users/ADMIN/Desktop/PiDEV/GestCovoiturage/GestCovoiturage/src/Utils/DataSource.java</file>
            <file>file:/C:/Users/ADMIN/Desktop/PiDEV/GestCovoiturage/GestCovoiturage/src/view/DeletecovController.java</file>
            <file>file:/C:/Users/ADMIN/Desktop/PiDEV/GestCovoiturage/GestCovoiturage/src/view/SelectcovController.java</file>
            <file>file:/C:/Users/ADMIN/Desktop/PiDEV/GestCovoiturage/GestCovoiturage/src/Services/ServiceVehicule.java</file>
            <file>file:/C:/Users/ADMIN/Desktop/PiDEV/GestCovoiturage/GestCovoiturage/src/Test/updatecov.java</file>
            <file>file:/C:/Users/ADMIN/Desktop/PiDEV/GestCovoiturage/GestCovoiturage/src/Entite/Vehicule.java</file>
        </group>
    </open-files>
</project-private>
